<?xml version="1.0"?>
<!DOCTYPE module PUBLIC
    "-//Puppy Crawl//DTD Check Configuration 1.3//EN"
    "http://www.puppycrawl.com/dtds/configuration_1_3.dtd">

<!--
Checkstyle configuration for Think Java, 2nd Edition.
-->
<module name="Checker">

    <!-- See http://checkstyle.sf.net/config.html#TreeWalker -->
    <module name="TreeWalker">

        <!-- See http://checkstyle.sf.net/config_annotation.html -->
        <module name="AnnotationLocation"/>
        <module name="AnnotationUseStyle"/>

        <!-- See http://checkstyle.sf.net/config_blocks.html -->
        <module name="AvoidNestedBlocks"/>
        <module name="EmptyBlock"/>
        <module name="LeftCurly"/>
        <module name="NeedBraces"/>
        <module name="RightCurly"/>

        <!-- See http://checkstyle.sf.net/config_design.html -->
        <module name="VisibilityModifier">
            <property name="protectedAllowed" value="true"/>
        </module>

        <!-- See http://checkstyle.sf.net/config_coding.html -->
        <module name="AvoidInlineConditionals"/>
        <module name="DeclarationOrder"/>
        <module name="EmptyStatement"/>
        <module name="FallThrough"/>
        <module name="InnerAssignment"/>
        <module name="ModifiedControlVariable"/>
        <module name="OneStatementPerLine"/>
        <module name="ParameterAssignment"/>
        <module name="RequireThis">
<!--
            <property name="checkMethods" value="false"/>
            <property name="validateOnlyOverlapping" value="false"/>
-->
        </module>
        <module name="SimplifyBooleanExpression"/>
        <module name="SimplifyBooleanReturn"/>
        <module name="StringLiteralEquality"/>
        <module name="UnnecessaryParentheses"/>

        <!-- See http://checkstyle.sf.net/config_imports.html -->
        <module name="AvoidStarImport">
            <property name="excludes" value="org.junit.Assert"/>
        </module>
        <module name="AvoidStaticImport">
            <property name="excludes" value="org.junit.Assert.*"/>
        </module>
        <module name="IllegalImport"/>
        <module name="RedundantImport"/>
        <module name="UnusedImports"/>

        <!-- See http://checkstyle.sf.net/config_javadoc.html -->
        <module name="AtclauseOrder"/>
        <module name="JavadocStyle"/>
        <module name="NonEmptyAtclauseDescription"/>

        <!-- See http://checkstyle.sf.net/config_misc.html -->
        <module name="ArrayTypeStyle"/>
        <module name="CommentsIndentation"/>
        <module name="Indentation">
            <property name="basicOffset" value="4"/>
            <property name="braceAdjustment" value="0"/>
            <property name="caseIndent" value="4"/>
            <property name="arrayInitIndent" value="8"/>
        </module>
        <property name="tabWidth" value="4"/>
        <module name="UpperEll"/>

        <!-- See http://checkstyle.sf.net/config_modifiers.html -->
        <module name="ModifierOrder"/>
        <module name="RedundantModifier"/>

        <!-- See http://checkstyle.sf.net/config_naming.html -->
        <module name="ConstantName"/>
        <module name="LocalFinalVariableName">
            <property name="format" value="^[A-Z][A-Z0-9]*(_[A-Z0-9]+)*$"/>
        </module>
        <module name="LocalVariableName"/>
        <module name="MemberName"/>
        <module name="MethodName"/>
        <module name="PackageName"/>
        <module name="ParameterName"/>
        <module name="StaticVariableName"/>
        <module name="TypeName"/>

        <!-- See http://checkstyle.sf.net/config_regexp.html -->
        <module name="Regexp">
            <property name="format" value=" //[^ ]"/>
            <property name="illegalPattern" value="true"/>
            <message key="illegal.regexp" value="missing space after ''//'' in comment."/>
        </module>

        <!-- See http://checkstyle.sf.net/config_sizes.html -->
        <module name="LineLength"/>
        <module name="MethodLength"/>

        <!-- See http://checkstyle.sf.net/config_whitespace.html -->
        <module name="EmptyLineSeparator">
            <property name="allowNoEmptyLineBetweenFields" value="true"/>
        </module>
        <module name="MethodParamPad"/>
        <module name="NoWhitespaceAfter"/>
        <module name="NoWhitespaceBefore"/>
        <module name="OperatorWrap"/>
        <module name="ParenPad"/>
        <module name="TypecastParenPad"/>
        <module name="WhitespaceAfter"/>
        <module name="WhitespaceAround"/>

    </module>

    <!-- See http://checkstyle.sf.net/config_misc.html -->
<!--
    <module name="NewlineAtEndOfFile">
      <property name="lineSeparator" value="lf_cr_crlf"/>
    </module>
-->
    <!-- See http://checkstyle.sf.net/config_sizes.html -->
    <module name="FileLength"/>

    <!-- See http://checkstyle.sf.net/config_whitespace.html -->
    <module name="FileTabCharacter"/>

</module>
